{"cameraMode":{"drawMode":0,"name":"Shaded","section":"Shading Mode"},"sceneLighting":true,"audioPlay":false,"sceneViewState":{"m_AlwaysRefresh":false,"showFog":true,"showSkybox":true,"showFlares":true,"showImageEffects":true,"showParticleSystems":true,"showVisualEffectGraphs":true,"m_FxEnabled":true},"in2DMode":false,"pivot":{"x":2.7129383087158205,"y":-3.2884645462036135,"z":-2.804898262023926},"rotation":{"x":-0.05646641552448273,"y":0.9357186555862427,"z":-0.30057209730148318,"w":-0.17578716576099397},"size":7.070655345916748,"orthographic":false}